name|email|country
Aphrodite Tyler|dolor.quam@yahoo.net|Chile
Harlan Sweet|tellus.non.magna@icloud.edu|United Kingdom
Mark Stark|magna.tellus@hotmail.net|Austria
Tyler Russell|elementum.sem.vitae@yahoo.couk|Poland
Kenneth Cherry|et.malesuada@yahoo.edu|Ireland
Azalia Pitts|pede.cras@hotmail.edu|Sweden
Riley Daniels|est.mauris@yahoo.edu|Germany
Cadman Flores|sed.malesuada@yahoo.org|South Korea
Zephania Carson|at@outlook.edu|United States
Uriel Walsh|aliquam@yahoo.couk|Ireland
Abbot Robbins|nulla.donec.non@icloud.net|India
Asher Mclean|pede.cras.vulputate@yahoo.ca|Spain
Joshua Lucas|mollis.lectus.pede@icloud.ca|India
Hu Hall|nunc.risus@aol.net|United States
Lane King|ipsum.suspendisse@protonmail.edu|India
Jeremy Emerson|tincidunt.dui@hotmail.edu|Belgium
Malik Jennings|neque.pellentesque@google.ca|South Korea
Claudia Guy|vitae.nibh.donec@hotmail.org|Mexico
Timothy Kinney|ligula@outlook.net|Indonesia
Cheyenne Gill|risus.varius@icloud.edu|Vietnam
Lucian Frederick|pellentesque@yahoo.net|Sweden
Serina Willis|elit.pharetra.ut@yahoo.net|Belgium
Phelan Delaney|felis.purus@protonmail.edu|Philippines
Ciara Vance|semper.dui@protonmail.org|Nigeria
Sheila Butler|in.condimentum@protonmail.com|Canada
Wesley Sheppard|curae.phasellus@outlook.couk|New Zealand
Leo Fulton|mi@outlook.net|Russian Federation
Nehru English|porttitor.eros@aol.net|Nigeria
Mason Moses|lacus.cras@aol.couk|South Korea
Tashya Scott|eros@protonmail.net|Brazil
Matthew Mercado|accumsan.convallis@icloud.com|Mexico
Emery Jennings|ligula.aenean@outlook.edu|Canada
Lilah Summers|ut.mi.duis@google.com|Australia
Steven Rivers|massa.rutrum.magna@google.net|Philippines
Marcia Mckenzie|dictum.phasellus@aol.couk|Pakistan
Ciara Marks|mattis.cras.eget@protonmail.couk|Brazil
Macy Ellison|risus@google.org|Colombia
Cara Buckley|justo.praesent@icloud.net|China
Lillith Carr|vulputate.mauris@google.ca|Italy
Shoshana Hayes|morbi@protonmail.couk|Ireland
Mufutau Osborn|nunc.interdum@yahoo.org|Belgium
Sheila Browning|donec.luctus@yahoo.org|Brazil
Christopher Acevedo|tellus@hotmail.com|Costa Rica
Claudia Bell|egestas@hotmail.ca|Indonesia
Trevor Johnson|ac.orci@yahoo.edu|United Kingdom
Tatyana Hampton|metus.aliquam@icloud.org|Australia
Halla Gregory|tellus@aol.org|Australia
Emmanuel Fischer|vulputate.nisi.sem@outlook.couk|United Kingdom
Carl Head|magna@outlook.com|Russian Federation
Carter Malone|ante.bibendum@yahoo.ca|Netherlands
Pamela Rhodes|nibh.vulputate@hotmail.org|New Zealand
Connor Mckenzie|in.faucibus.orci@google.edu|Peru
Sydnee Guthrie|lorem.ut@yahoo.couk|Ukraine
Ralph Lowery|aliquam@outlook.edu|Russian Federation
Plato Simmons|nisi.mauris@aol.ca|South Africa
Kato Noble|accumsan.neque.et@google.ca|India
Rhona Mullins|odio@outlook.edu|Indonesia
Garrett Richmond|nisi.magna@aol.com|Chile
Zachary Cobb|scelerisque.neque@outlook.net|New Zealand
Nolan Cote|ullamcorper.viverra.maecenas@yahoo.net|Singapore
Jackson Roman|egestas.duis@aol.couk|Belgium
Maris Gardner|ridiculus.mus.proin@google.net|United Kingdom
Ronan Clarke|ipsum@outlook.com|Germany
Tiger Kirby|vulputate.mauris@outlook.org|Poland
Althea Robertson|lorem.donec@protonmail.org|Vietnam
Justine Dickson|aliquet.sem@icloud.ca|Poland
Iona Sawyer|enim@icloud.ca|Ukraine
Maile Mcdowell|mauris.nulla@outlook.com|Brazil
Alexandra Gross|leo.morbi.neque@yahoo.net|Ireland
Carl Mcfarland|nunc.ullamcorper@yahoo.couk|Ukraine
Raymond Moreno|posuere.cubilia@outlook.couk|United States
Brynne Donovan|duis@protonmail.org|France
Thor Washington|nisi.mauris.nulla@protonmail.couk|Italy
Cyrus Dillon|interdum.ligula@yahoo.com|Ukraine
Graham Malone|nullam@icloud.edu|South Africa
Zorita Avila|at.iaculis.quis@outlook.couk|Chile
Lyle Martinez|ornare.lectus.justo@google.ca|Canada
MacKensie French|mus.proin@hotmail.couk|Ukraine
Tate Thompson|nibh.lacinia.orci@yahoo.ca|Mexico
Aristotle Hawkins|luctus.vulputate.nisi@aol.com|Pakistan
Katelyn Mcgee|morbi@protonmail.org|India
Noelani Lucas|ac.feugiat.non@outlook.ca|China
Riley Head|risus@aol.edu|Brazil
Ali Richmond|etiam.vestibulum@google.couk|Turkey
Amelia Wall|rutrum@outlook.net|Pakistan
Stacy Mcpherson|lacinia.mattis@outlook.ca|Australia
Sydnee Kennedy|cum.sociis@hotmail.org|Russian Federation
Jessica Zamora|dictum.phasellus@hotmail.couk|Canada
Melanie Holden|non@yahoo.ca|Australia
Ashely Ray|non.sollicitudin@hotmail.net|Chile
Stacy Ferguson|ut.nisi@google.org|Italy
Alana Pace|a.enim.suspendisse@google.ca|Netherlands
Ira Burks|nibh.donec@icloud.org|Colombia
Walter Mann|lectus.nullam@google.com|Mexico
Bert Hill|donec.sollicitudin@protonmail.edu|Norway
Conan Mueller|suspendisse.aliquet@outlook.net|Germany
Rogan Trujillo|interdum.curabitur@yahoo.org|New Zealand
Dante Rodgers|nulla.tempor@outlook.org|South Africa
Jarrod Carr|metus.sit.amet@icloud.couk|Brazil
Merrill Wooten|odio.auctor@yahoo.org|South Korea
